{
  "$schema": "http://bigcontent.io/cms/schema/v1/schema#",
  "id": "https://raw.githubusercontent.com/neilmistryamplience/dc-example-website/Essilor/content-types/promoList.json",
  "title": "Promo List",
  "description": "A list of promotions to display",
  "allOf": [
    {
      "$ref": "http://bigcontent.io/cms/schema/v1/core#/definitions/content"
    }
  ],
  "type": "object",
  "properties": {
    "promos": {
      "type": "array",
      "title": "Promotions",
      "description": "A list of promotions to display",
      "items": {
        "allOf": [
          {
            "$ref": "http://bigcontent.io/cms/schema/v1/core#/definitions/content-link"
          },
          {
            "properties": {
              "contentType": {
                "title": "",
                "enum": [
                  "https://raw.githubusercontent.com/neilmistryamplience/dc-example-website/Essilor/content-types/promo.json"
                ]
              }
            }
          }
        ]
      },
      "minItems": 1,
      "maxItems": 4
    }
  }
}