{
    "$schema": "http://bigcontent.io/cms/schema/v1/schema#",
    "id": "https://raw.githubusercontent.com/neilmistryamplience/dc-example-website/wittweiden/content-types/product.json",
    "title": "Product",
    "description": "A reusable content type for product information",
    "allOf": [
    {
        "$ref": "http://bigcontent.io/cms/schema/v1/core#/definitions/content"
    }],
    "type": "object",
    "properties":
    {
        "sku":
        {
            "type": "string",
            "title": "Product SKU",
            "description": "The sku code of the product",
            "validation": "Please enter less than 255 characters",
            "minLength": 0,
            "maxLength": 255
        },
        "name":
        {
            "type": "string",
            "title": "Product Name",
            "description": "The name of the product",
            "validation": "Please enter less than 255 characters",
            "minLength": 0,
            "maxLength": 255
        },
        "description":
        {
            "type": "string",
            "title": "Product Description",
            "description": "The Description for this product",
            "validation": "Please enter less than 255 characters",
            "minLength": 0,
            "maxLength": 255
        },
        "category":
        {
            "type": "string",
            "title": "Product Category",
            "description": "The Product Category",
            "validation": "Please enter less than 255 characters",
            "minLength": 0,
            "maxLength": 255
        },
        "image":
        {
            "type": "object",
            "title": "Product Image",
            "description": "The Product Image",
            "anyOf": [
            {
                "$ref": "http://bigcontent.io/cms/schema/v1/core#/definitions/image-link"
            }]
        },
        "poi":
        {
            "type": "boolean",
            "title": "Use Point Of Interest",
            "description": "Enable to auto crop around your chosen image focal point"
        },
        "volume":
        {
            "type": "string",
            "title": "Product Volume",
            "description": "The Product Volume",
            "validation": "Please enter less than 255 characters",
            "minLength": 0,
            "maxLength": 255
        },
        "unit":
        {
            "type": "string",
            "title": "Volume Unit",
            "description": "The unit of measurement for the volume",
            "enum": [
                "ml",
                "fl.oz"
            ]
        },
        "catColor":
        {
            "type": "string",
            "title": "Category Colour",
            "description": "The Colour for the category label in RGB, default is 0,0,0",
            "validation": "Please enter less than 255 characters",
            "minLength": 0,
            "maxLength": 255
        },
        "volColor":
        {
            "type": "string",
            "title": "Volume Colour",
            "description": "The Colour for the volume label in RGB. Default is 0,0,0",
            "validation": "Please enter less than 255 characters",
            "minLength": 0,
            "maxLength": 255
        }
    },
    "propertyOrder": [
        "sku",
        "name",
        "description",
        "category",
        "image",
        "poi",
        "volume",
        "unit",
        "catColor",
        "volColor"


    ]
}
