{
  "$schema": "http://bigcontent.io/cms/schema/v1/schema#",
  "id": "https://raw.githubusercontent.com/neilmistryamplience/dc-example-website/emily/content-types/image.json",
  "title": "Image",
  "description": "Basic image with SEO information and allow roundels",
  "allOf": [
    {
      "$ref": "http://bigcontent.io/cms/schema/v1/core#/definitions/content"
    }
  ],
  "type": "object",
  "properties": {
    "image": {
      "type": "object",
      "title": "Image",
      "description": "Image",
      "anyOf": [
        {
          "$ref": "http://bigcontent.io/cms/schema/v1/core#/definitions/image-link"
        }
      ]
    },
    "imageAltText": {
      "type": "string",
      "title": "Image alt text",
      "description": "Alternative text for image for SEO",
      "minLength": 0,
      "maxLength": 50
    },
    "seoText": {
      "type": "string",
      "title": "SEO Text",
      "description": "e.g. ladies-sunglasses",
      "minLength": 0,
      "maxLength": 100
    },
    "roundel": {
      "type": "array",
      "title": "Roundel",
      "description": "Roundel image",
      "items": {
        "$ref": "https://raw.githubusercontent.com/neilmistryamplience/dc-example-website/emily/content-types/roundel.json"
      },
      "minItems": 0,
      "maxItems": 1,
      "_interpolate": true
    },
    "display": {
      "type": "string",
      "title": "Display type",
      "description": "How the image should display (Point of Interest, Hotspots, served staticaly (ie, animated GIF)",
      "enum": [
        "Point of Interest",
        "Hotspots",
        "Static"
      ]
    }
  },
  "propertyOrder": [
    "image",
    "imageAltText",
    "seoText",
    "roundel",
    "display"
  ]
}
