{
  "$schema": "http://bigcontent.io/cms/schema/v1/schema#",
  "id": "https://raw.githubusercontent.com/neilmistryamplience/dc-example-website/anyafinn/content-types/blog.json",
  "title": "Blog",
  "description": "A Blog Post",
  "allOf": [
    {
      "$ref": "http://bigcontent.io/cms/schema/v1/core#/definitions/content"
    }
  ],
  "type": "object",
  "properties": {
    "snippet": {
      "type": "object",
      "title": "Blog Snippet",
      "description": "Blog Snippet",
      "allOf": [
        {
          "$ref": "https://raw.githubusercontent.com/neilmistryamplience/dc-example-website/anyafinn/content-types/blogSnippet.json"
        }
      ]
    },
    "contentTypes": {
      "type": "array",
      "title": "Content Type",
      "description": "Select and order content to display in the page",
      "items": {
        "allOf": [
          {
            "$ref": "http://bigcontent.io/cms/schema/v1/core#/definitions/content-link"
          },
          {
            "properties": {
              "contentType": {
                "title": "",
                "enum": [
                  "https://raw.githubusercontent.com/neilmistryamplience/dc-example-website/anyafinn/content-types/slider.json",
                  "https://raw.githubusercontent.com/neilmistryamplience/dc-example-website/anyafinn/content-types/video.json",
                  "https://raw.githubusercontent.com/neilmistryamplience/dc-example-website/anyafinn/content-types/text.json",
                  "https://raw.githubusercontent.com/neilmistryamplience/dc-example-website/anyafinn/content-types/externalBlock.json",
                  "https://raw.githubusercontent.com/neilmistryamplience/dc-example-website/anyafinn/content-types/splitBlock.json",
                  "https://raw.githubusercontent.com/neilmistryamplience/dc-example-website/anyafinn/content-types/image.json",
                  "https://raw.githubusercontent.com/neilmistryamplience/dc-example-website/anyafinn/content-types/cardList.json",
                  "https://raw.githubusercontent.com/neilmistryamplience/dc-example-website/anyafinn/content-types/banner.json"
                ]
              }
            }
          }
        ]
      }
    }
  }
}